See also the weather conditions in Jordan country	Дивіться також погоду в країні Йорданія
To set this "Desktop Pictures - Ships, #27123" as wallpaper background on your desktop, select above resolution links, then click on the "Download" button to save image on your desktop computer.	Щоб встановити цю «Картинки для робочого столу - Кораблі, #27123» як фонову заставку для робочого столу, виберіть вищевказані параметри, а потім натисніть кнопку «Завантажити», щоб зберегти зображення на своєму комп'ютері.
For the laying laminate should prepare the following tools and materials:	Для укладання ламінату необхідно підготувати такі інструменти та матеріали.
Before him there is a choice - to go to a public or private clinic.	Перед ним стоїть вибір - піти в державну або приватну клініку.
You are viewing the weather forecast in Kharagauli.	Ви дивитеся прогноз погоди у місті Хараґаулі.
Space saving due to compact, narrow design	Економія місця завдяки компактній вузькій конструкції.
The project was closed in 2010.	Проект був закритий у 2010 році.
You will also have the option of turning off third party targeting/advertising cookies each time you see an advertisement that has been personalised to you.	У вас також буде можливість вимкнути сторонні таргетингові/рекламні файли cookie щоразу, коли ви бачите персоналізовану для вас рекламу.
At the end of twelve months he was walking in the royal palace of Babylon.	На кінці дванадцяти місяців він проходжувався по царському палацу в Вавилоні.
Making the registration procedure of the trade mark, logo, slogan quick and unnoticeable for you, and the trade mark registration in Ukraine is such a work, which can be qualitatively performed by our patent agency Goldmark.	Зробити процедуру реєстрації торгової марки, логотипу, слогану швидкою і непомітною для вас, а реєстрацію торгової марки в Україні - такою роботою, яку може якісно виконати наше патентне агентство Goldmark.
Dr. Inken Knief is a senior associate within the arbitration group of Hogan Lovells in Munich.	Доктор Інкен Кніф є старшим співробітником арбітражної групи «Хоган Лавеллз» у Мюнхені.
Why reject the assistance offered by specialists?	Навіщо відмовлятися від допомоги фахівців?
2018 During pregnancy, every mother is concerned with the question of how to choose the right bed for her baby.	2018 Під час вагітності кожну маму хвилює питання, як правильно вибрати ліжко для свого малюка.
Treaty of Paris on April 18, 1951 - the creation of the European Union of Coal and Steel, the beginning of the real economic and political integration of Europe.	Паризький договір 18 квітня 1951 р. - створення Європейського Об'єднання вугілля та сталі, початок реальної економічної та політичної інтеграції Європи.
Fortunately, his hair almost does not shed.	На щастя, його шерсть майже не линяє.
Boats and ocean	Човни і океан
75 Years of the Kirovohrad Oblast	75 років Кіровоградській області
We are actively promoting the Christmas Fair, as well as the other attractions of the city.	Ми активно популяризуємо Різдвяний ярмарок та інші туристичні атракціони міста.
And by creating more space in your life, you become happier and more open to new opportunities, ones more suited to your new lifestyle.	Створюючи більше простору у своєму житті, ви стаєте щасливішими та більш відкритими до нових можливостей, які більше відповідають вашому новому стилю життя.
This event is traditional for Scandinavian Gymnasium. 	Це свято є традиційним для Скандинавської гімназії.
Pure competition – the kind that can be attributed to perfect competition.	Чиста конкуренція – такий вид, що можна віднести до ідеальної конкуренції.
Most of the time, the terms ball and sphere are used as the same.	Найчастіше терміни «куля» і «сфера» використовують як синоніми.
Retrospectives of famous documentaries, master classes and an educational human rights campaign were held as part of the festival’s program.	У рамках програми фестивалю відбулися ретроспективи відомих документальних фільмів, майстер-класи та просвітницька правозахисна кампанія.
Militancy of Sparta residents can be explained by the fact that the Spartans being a very small nation (about ten thousand people), in their military strength they seen only way to survive.	Войовничість жителів Спарти можна пояснити тим, що спартанці, будучи дуже нечисленним народом (близько десяти тисяч осіб), бачили у своїй військовій силі єдиний спосіб вижити.
Nearly all of these devices make use of a rotating magnetic field but from time to time linear alternators are also used.	Майже всі ці пристрої використовують обертове магнітне поле, але іноді застосовуються і лінійні генератори.
The rigidity of the construction of the bar and sheets of shingles assumes the use of seals for installation.	Жорсткість конструкції планки та листів черепиці передбачає використання ущільнювачів під час монтажу.
Saturday, September 30, 2017 in San Gennaro Vesuviano the weather will be like this:	У суботу, 30 вересня 2017 року, в Сан-Дженнаро-Везувіано погода буде такою:
I've lost my job and am behind on my mortgage. It scares me that I could lose my home.	Я втратив роботу і затримав свою іпотеку. Мене лякає, що я можу втратити дім.
I find it hard to concentrate at work, my thoughts scatter, and deadlines only increase my anxiety. It feels like I’m failing.	Мені важко зосередитися на роботі, думки розбігаються, а дедлайни тільки посилюють тривогу. Відчуття, що я не справляюся.
Lately, I feel constantly tired, even if I get enough sleep. 	Останнім часом відчуваю постійну втому, навіть якщо добре висплюся. 
I have so many thoughts in my head that I can’t sleep. It’s like my brain won’t shut off.	У мене стільки думок у голові, що я не можу заснути. Наче мозок не вимикається.
People around me say I’m too sensitive. But how do I learn not to feel pain?	Люди навколо кажуть, що я занадто чутливий. Але як навчитися не відчувати біль?
There are days when I just don’t want to leave my room. The world feels too heavy for me.	Бувають дні, коли я просто не хочу виходити з кімнати. Світ здається занадто важким для мене.
When I ask for help, people say, “Pull yourself together.” But how?	Коли я прошу про допомогу, люди кажуть: «Зберися». Але як?
It’s hard for me to say “no,” even when I don’t want to do something. 	Мені складно сказати «ні», навіть коли я не хочу чогось робити. 
I feel like I’ve lost myself. I don’t know who I am or what I want from life.	Я відчуваю, що втратив самого себе. Не знаю, хто я і чого хочу від життя.
You will gain an understanding of the human factors in aviation, airline strategic management, and airport operational management as well as have the opportunity to undertake an internship course (aviation practicum).	Ви отримаєте розуміння людських факторів у авіації, стратегічному управлінні авіапідприємствами та операційному управлінню аеропортом, а також зможете пройти стажування (авіаційний практикум).
These principles include, crucially, explicit legal protection for whistleblowers; as a consequence, they would be adequate for protecting democratic freedoms—if adopted completely and enforced without exception forever.	У ці принципи входить (що життєво важливо) явний юридичний захист інформаторів; як наслідок, ці принципи будуть адекватні захисту демократичних свобод — якщо їх приймуть у повному обсязі і будуть дотримуватися завжди і без винятків.
A Nobel Peace Prize winner for his work on hunger, he once said: ‘You can’t build a peaceful world on empty stomachs and human misery.’	Він отримав Нобелівську премію миру за свою працю, присвячену голоду, і одного разу сказав: "Неможливо побудувати мирний світ на порожніх шлунках і людських нещастях".
Of the material in this article you will learn what it actually costs to pay money wedding photographer, and for what pay is not worth it.	З матеріалу даної статті Ви дізнаєтесь за що насправді варто платити гроші весільному фотографу, а за що платити не варто.
Sunrise and sunset time for Bourg-en-Bresse	Схід і захід сонця в Кормей-ан-Паризі
But the yellow hare, jars with soda, the layout of the letter "A", bright towels, a toy cactus and other elements became colored splashes of joy and creativity on all surfaces of the apartment.	А ось жовтий заєць, баночки з газованою водою, макет літери «А», яскраві рушники, іграшковий кактус і інші елементи стали кольоровими бризками радості і креативу на всіх поверхнях квартири.
In addition to academic experts in the working group will also include Hirohisa Koyama, owner of the restaurant of national cuisine "Aoyagi"; Kiyomi Mikuni, chef and owner of the hotel Hotel de Mikuni; Nobuyuki Ota, head of interior fashion "Issey Miyake", as well as fashion designer Yumiko Hara and designer Akira Minagawa.	Крім академічних експертів, до складу робочої групи також увійдуть Хірохиса Кояма, власник ресторану національної кухні "Аоягі"; Києм Мікуні, шеф-кухар і власник готелю Hotel de Mikuni; Нобуюкі Ота, керівник салону моди "Іссей Міяке"; а також художник-модельєр Юмико Хара і дизайнер Акіра Мінагава.
August 8, 1614 - Lviv official Jan Swoszowski of the Gryf coat of arms (XVI-1615), the founder of the city of Ivano-Frankove, founded the parish of Blessed Virgin Mary, Saint Michael Archangel and Saint John the Baptist.	8 серпня 1614 - львівський писар і землянин Ян Свошовський гербу Гриф (XVI-1615), засновник міста Янів, зафундував латинську парафію Пресвятої Діви Марії, Св. Архангела Михаїла та Св. Йоана Хрестителя.
Numerous users have become permanent residents of the new created world and made it so popular that it prompted the production of related products with logos on hats, T-shirts, cups, mouse pads for computers.	Численні користувачі стали постійними мешканцями нового створеного світу і зробили його популярним настільки, що це послужило приводом для виробництва супутніх товарів з емблемами на кепках, футболках, чашках, килимках для комп'ютерної мишки.
The Bachelor of Information Technology (Hons) course has a core of Information Technology (IT) subjects complemented with a selection from a wide range of subjects that includes the latest advances in IT skills, concepts, and applications (eg object-oriented analysis and design, multimedia, networking, data communications and internet publishing).	Бакалавр інформаційних технологій (з відзнакою), звичайно, має ядро суб'єктів інформаційних технологій (ІТ), доповнений з вибором з широкого кола питань, який включає в себе останні досягнення в області ІТ-навичок, концепцій і програм (наприклад, об'єктно-орієнтований аналіз і проектування, мультимедіа, робота в мережі передачі даних і інтернет-видавництво).
However, all problems are corrected in time with the help of timely updates.	Однак всі проблеми вчасно виправляються за допомогою своєчасних оновлень.
If the airline pays the compensation or provides the services as provided in this Article, no provision of this Article shall be construed as such that states that the airline has recognized its fault or as limiting its right to demand compensation by way of recourse from any entity, including third parties, under the applicable legislation of the state of departure/arrival of the flight.	У разі, якщо авіакомпанія виплачує компенсацію або надає послуги, передбачені цим розділом, жодне положення цього розділу не може тлумачитись як таке, що авіакомпанія визнала свою вину або обмежує її права вимагати компенсації у порядку регресу від будь-якої особи, включаючи третіх осіб, згідно з діючим законодавством країни відправки/прибуття рейсу.
Successful use of the blue scale gives the room a sense of peace, and you will be given a long-awaited rest after a long working day	Вдале використання синьої гами наділяє кімнату почуттям умиротворення, а вам подарує довгоочікуваний відпочинок після тривалого робочого дня.
He paid thorough attention to acquiring of practical skills by his subordinates during field trainings.	Особливо прискіпливо він ставився до набуття підлеглими практичних навичок під час польових виходів.
Your entire team can join the same Hangout from their desktop, laptop, tablet or phone with the same easy-to-use experience.	Уся ваша команда може легко приєднатися до сеансу із будь-якого пристрою: настільного комп’ютера, ноутбука, планшета чи телефона.
Your main goal in the game - do not get caught in the clutches of a neighbor until you change yourself for him all sorts of trouble, which should bring it to the boiling point.	Ваше головне завдання в грі - не попастися в лапи сусіда, поки Ви підлаштовуєте йому всілякі неприємності, які повинні довести його до точки кипіння.
However, let’s see, what you will face when trying to create your own company:	Однак давайте розберемося, з чим вам доведеться зіткнутися при спробі створити власну компанію.
In the process of the scuffle they damaged photographic equipment of correspondents of Ukrainian News agency Serhii Bobok and Fotolenta's Serhii Kozlov.	У процесі бійки було пошкоджено фотоапаратури кореспондентів інформаційних агентств Українські Новини Сергія Бобка й "Фотолента" Сергія Козлова.
Then it was — we started seeing a change and I kept encouraging him but we started seeing a change in him to where he said, "I'm not just doing this for you anymore mom, I'm doing this for me."	Потім ми почали бачити зміни, і я продовжувала підбадьорювати його, але ми помітили зміни в ньому, коли він сказав: «Я більше не роблю це лише для тебе, мамо, я роблю це для себе».
At the discretion of the responsible manager, for some items, you can select several pieces of similar devices.	На розсуд відповідального менеджера, по окремих позиціях, можливий вибір кількох штук однотипних приладів.
Classification of Administrative and Territorial Division of Ukraine (COATU)	Класифікатор об’єктів адміністративно-територіального устрою України (КОАТУУ)
Only those who took their own lives were buried without a Christian ceremony, outside of churchyard wall.	Виняток становили самогубці, котрих ховали без християнського обряду за муром цвинтаря.
The race of Elves originated near here, though their original home of Cuiviénen no longer existed by the Third Age.	Ельфи вперше з'явилися саме там, на крайньому сході. Їх батьківщини Куівіенен в Третю епоху вже не існувало.
Fun party Presenter of the corporate holiday – it is a separate area of creativity.	Робота ведучого на корпоративному святі – це окремий напрямок творчості.
Now it's time to look at how to place your boxes in the right place in relation to the viewport, and one another.	Тепер час розглянути розташування ваших блоків у правильному місці, по відношенню до точки огляду, і відносно один одного.
He gave us a deadline.	Він встановив граничний термін.
Volunteers cannot replace proper military or foreign intelligence agencies or wage an all-out cyberwar.	Волонтери не можуть замінити собою воєнну чи зовнішню розвідку чи вести тотальну кібервійну.
You can sow seeds in November – during winter they will endure a natural stratification, and in spring you will get sturdy healthy shoots that will bloom in time.	Можна посіяти насіння в листопаді – за зиму воно пройде природну стратифікацію, і навесні ви отримаєте міцненькі здорові сходи, які вчасно зацвітуть.
Thank you for your donation! There will be a benevolent Collection for “Andrew’s Pence” on Sunday, February 28, 2016 to support our Patriarch, His Beatitude Svyatoslav Shevchuk and the building of Resurrection Cathedral Church in Kyiv (Patriarchal Sobor.)	Дякую за ваш донат! У неділю, 28 лютого ц.р. відбудеться збірка на «Андріївський Гріш» для підтримки нашого патріарха Святослава і будівництва Катедрального Собору Воскресіння у Києві.
Please check if there is any reason as below:	Перевірте, чи є якісь причини, наведені нижче:
Nevertheless, after thoroughly picking and also testing all Garcinia Cambogia items presently on the market, we have involved the verdict that choosing 100 % pure product needs screening in a lab.	Проте, після ретельного вибору, а також тестування всіх елементів гарцинии камбоджійської в даний час на ринку, ми залучили вердикт, що при виборі 100% чистий продукт потребує скринінг в лабораторії.
If the fish will be too much to achieve biological balance will not succeed.	Якщо рибок буде занадто багато домогтися біологічної рівноваги не вдасться.
Different types of customers have various features, and they have different preferences for the above four requirements.	Різні типи клієнтів мають різні функції, і вони мають різні уподобання для чотирьох вищевказаних вимог.
Bandera, 52, Chervonograd, Lviv area,	Бандери, 52, Червоноград, Львівська область,
If you a few times changed the filter conditions, you can change these filter clicking on the icons: Previous filter and Next filter.	Якщо ви кілька разів змінювали умови фільтрації даних, ви можете перемикатися між цими фільтрами, натискаючи по іконкам Попередній фільтр і Наступний фільтр.
He started boxing at 13 and 4 years later he has won Europe’s champion title among juniors, he was the champion of Ukraine 5 times.	Боксом почав займатися у 13 років і через 4 роки вже завоював звання чемпіона Європи серед юніорів, був чемпіоном України 5 разів.
In addition, this program will help to pick up on the hair color and hairstyle photo.	Крім того дана програма допоможе на підібрати колір волосся і стрижку по фото.
Biological psychologists seek an understanding of the emergent properties of brains, linking the discipline to neuroscience. As social scientists, psychologists aim to understand the behavior of individuals and groups.	Біологічні психологи прагнуть зрозуміти емерджентні властивості мозку, пов'язуючи цю дисципліну з неврологією. Як соціальні науковці, психологи прагнуть зрозуміти поведінку окремих людей і груп.
The ancient civilizations of Egypt, Greece, China, India, and Persia all engaged in the philosophical study of psychology. In Ancient Egypt the Ebers Papyrus mentioned depression and thought disorders.	Стародавні цивілізації Єгипту, Греції, Китаю, Індії та Персії займалися філософським вивченням психології. У Стародавньому Єгипті в папірусі Еберса згадується про депресію та розлади мислення.
A central idea of the Upanishads and other Vedic texts that formed the foundations of Hinduism was the distinction between a person's transient mundane self and their eternal, unchanging soul.	Головною ідеєю Упанішад та інших ведичних текстів, що лягли в основу індуїзму, було розрізнення між минущим, земним «я» людини та її вічною, незмінною душею.
She believed a child should be recognized as their own person with their own right and have each session catered to the child's specific needs.	Вона вірила, що дитина повинна бути визнана власною особистістю з власними правами, і що кожна сесія повинна бути пристосована до конкретних потреб дитини.
This helped build a strong therapeutic alliance with child patients, which allows psychologists to observe their normal behavior. She continued her research on the impact of children after family separation, children with socio-economically disadvantaged backgrounds, and all stages of child development from infancy to adolescence.	Це допомогло побудувати міцний терапевтичний альянс з дітьми-пацієнтами, що дозволяє психологам спостерігати за їхньою нормальною поведінкою. Вона продовжила дослідження впливу дітей після розлучення сімей, дітей з соціально-економічно неблагополучних сімей, а також усіх етапів розвитку дитини від немовляти до підліткового віку.
Mary Ainsworth's work centered around attachment theory. Building off fellow psychologist John Bowlby, Ainsworth spent years doing fieldwork to understand the development of mother-infant relationships.	Робота Мері Ейнсворт була зосереджена на теорії прив'язаності. Спираючись на дослідження свого колеги-психолога Джона Боулбі, Ейнсворт роками проводила польові дослідження, щоб зрозуміти розвиток стосунків між матір'ю та немовлям.
Behavioral researchers have developed a treatment known as behavior modification, which is used to help individuals replace undesirable behaviors with desirable ones.	Дослідники поведінки розробили метод лікування, відомий як модифікація поведінки, який використовується для того, щоб допомогти людям замінити небажану поведінку на бажану.
Psychology encompasses many subfields and includes different approaches to the study of mental processes and behavior.	Психологія охоплює багато підгалузей і включає різні підходи до вивчення психічних процесів і поведінки.
School psychology combines principles from educational psychology and clinical psychology to understand and treat students with learning disabilities; to foster the intellectual growth of gifted students; to facilitate prosocial behaviors in adolescents;	Шкільна психологія поєднує принципи педагогічної та клінічної психології для розуміння та лікування учнів з труднощами у навчанні; сприяння інтелектуальному зростанню обдарованих учнів; сприяння просоціальній поведінці підлітків;
The field was at first called economic psychology or business psychology; later, industrial psychology, employment psychology, or psychotechnology.	Спочатку цю галузь називали економічною психологією або бізнес-психологією, пізніше - індустріальною психологією, психологією зайнятості або психотехнологією.
Research has shown that compared to the "whole word" or "whole language" approach, the phonics approach to reading instruction is more efficacious.	Дослідження показали, що порівняно з підходом «цілого слова» або «цілої мови», фонетичний підхід до навчання читання є більш ефективним.
The American Psychological Association has advanced a set of ethical principles and a code of conduct for the profession.	Американська психологічна асоціація розробила ряд етичних принципів і кодекс поведінки для цієї професії.
Justice - an understanding that psychology must be for everyone's benefit, and that psychologists take special care to avoid unjust practices as a result of biases or limitations of expertise.	Справедливість - розуміння того, що психологія має бути на користь кожному, і що психологи особливо дбають про те, щоб уникати несправедливих практик внаслідок упередженості чи обмеженості знань.
Animal research is influential in psychology, while still being debated among academics. 	Дослідження на тваринах мають великий вплив на психологію, але все ще залишаються предметом дискусій серед науковців. 
In contrast, human environments and genetic backgrounds vary so widely, and depend upon so many factors, that it is difficult to control important variables for human subjects.	На противагу цьому, людське середовище і генетичний фон варіюються настільки широко і залежать від багатьох факторів, що важко контролювати важливі для людини змінні.
A rat undergoing a Morris water navigation test used in behavioral neuroscience to study the role of the hippocampus in spatial learning and memory	Щур проходить тест Морріса на водну навігацію, який використовується в поведінковій нейронауці для вивчення ролі гіпокампу в просторовому навчанні та пам'яті.
Since modern computers process information quickly, simulations can be run in a short time, allowing for high statistical power.	Оскільки сучасні комп'ютери обробляють інформацію швидко, симуляції можна запускати за короткий час, забезпечуючи високу статистичну потужність.
For example, in research on the best way to affect reading achievement in the first three grades of school, school administrators may not permit educational psychologists to randomly assign children to phonics and whole language classrooms, in which case the psychologists must work with preexisting classroom assignments.	Наприклад, під час дослідження найкращого способу вплинути на успішність читання в перших трьох класах школи шкільна адміністрація може не дозволити педагогічним психологам випадковим чином розподіляти дітей по класах з фонетики та вивчення цілих мов, і в цьому випадку психологи повинні працювати з уже існуючими розподілами по класах.
Psychologists study the composite influence of all these different tools in an effort to influence whole populations of people.	Психологи вивчають сукупний вплив усіх цих інструментів, намагаючись впливати на цілі групи людей.
Educational psychology is often included in teacher education programs in places such as North America, Australia, and New Zealand.	Педагогічну психологію часто включають до програм підготовки вчителів у таких країнах, як Північна Америка, Австралія та Нова Зеландія.
The emerging field of disaster psychology (see crisis intervention) involves professionals who respond to large-scale traumatic events.	Нова галузь психології катастроф (див. кризове втручання) залучає професіоналів, які реагують на масштабні травматичні події.
Traditionally the research has involved twin studies and adoption studies, two designs where genetic and environmental influences can be partially un-confounded.	Традиційно дослідження включають дослідження близнюків і дослідження усиновлення - два варіанти, де генетичні та середовищні впливи можуть бути частково непідтвердженими.
A depressed mother may both carry genes that contribute to depression in her offspring and also create a rearing environment that increases the risk of depression in her child.	Мати, яка страждає на депресію, може бути носієм генів, що сприяють розвитку депресії у її нащадків, а також створювати середовище виховання, яке підвищує ризик депресії у її дитини.
Such tasks often resemble specially designed games and activities that are both enjoyable for the child and scientifically useful.	Такі завдання часто нагадують спеціально розроблені ігри та вправи, які є і приємними для дитини, і корисними з наукової точки зору.
Researchers have found that eating, for example, depends not only on the organism's fundamental need for homeostasis—an important factor causing the experience of hunger—but also on circadian rhythms, food availability, food palatability, and cost.	Дослідники виявили, що прийом їжі, наприклад, залежить не лише від фундаментальної потреби організму в гомеостазі - важливого чинника, що викликає відчуття голоду, - але й від циркадних ритмів, доступності їжі, її смакових якостей та вартості.
Developmental researchers have even devised clever methods to study the mental processes of infants.	Дослідники розвитку навіть розробили хитромудрі методи для вивчення розумових процесів немовлят.
Abnormal psychology is focused on research and treatment of a variety of mental disorders and is linked to psychotherapy and clinical psychology.	Аномальна психологія зосереджена на дослідженні та лікуванні різноманітних психічних розладів і пов'язана з психотерапією та клінічною психологією.