eng	uk	helsinki_translation_en_uk	helsinki_time_en_uk	facebook_translation_en_uk	facebook_time_en_uk	helsinki_translation_fine_tuned	helsinki_time_fine_tuned
See also the weather conditions in Jordan country	Дивіться також погоду в країні Йорданія	Прочитайте також про погодні умови в Йордані.	0.9577507972717285	Подивіться також на погоду в країні Іорданія	2.4246110916137695	Також можна побачити погодні умови в Йорданській країні.	0.7080283164978027
"To set this ""Desktop Pictures - Ships, #27123"" as wallpaper background on your desktop, select above resolution links, then click on the ""Download"" button to save image on your desktop computer."	Щоб встановити цю «Картинки для робочого столу - Кораблі, #27123» як фонову заставку для робочого столу, виберіть вищевказані параметри, а потім натисніть кнопку «Завантажити», щоб зберегти зображення на своєму комп'ютері.	"Щоб встановити це тло тла шпалер на стільниці, виберіть вище розв' язання, а потім натисніть кнопку "" Звантажити ,"" щоб зберегти зображення на вашому комп' ютері."	2.0029165744781494	"Для того, щоб надати """" Desktop Pictures - Ships, #27123 """" як тлі tapetи на вашому робочому столі, виберите з góry посилання на роздільну здатність, а потім на """" Загрузити """" кнопку, щоб зберегти зображення на вашому робочому комп 'ютері."	10.566590547561646	"Щоб встановити цю "" Стільничні зображення - кораблі, # 27123 "" як тло тла шпалер на вашій стільниці, виберіть надписні посилання на роздільну здатність, а потім натисніть кнопку "" Завантажити ,"" щоб зберегти зображення на вашому комп' ютері."	4.448789119720459
For the laying laminate should prepare the following tools and materials:	Для укладання ламінату необхідно підготувати такі інструменти та матеріали.	Для латання слід підготувати такі інструменти і матеріали:	0.7931015491485596	Для укладки ламінatu треба підготуватися до наступних інструментів та матеріалів:	2.848914861679077	Для встановлення латки має приготувати такі інструменти та матеріали:	0.8934931755065918
Before him there is a choice - to go to a public or private clinic.	Перед ним стоїть вибір - піти в державну або приватну клініку.	Перед ним є вибір - піти до публічної або приватної клініки.	1.0342237949371338	Перед ним є вибір - ходити до публічної чи приватної клініки.	2.83963942527771	Перед ним є вибір: піти до публічної або приватної клініки.	1.2679924964904785
You are viewing the weather forecast in Kharagauli.	Ви дивитеся прогноз погоди у місті Хараґаулі.	Ви спостерігаєте прогноз погоди в Харараулі.	0.6642417907714844	Ви бачите прогноз погоды в Харагаули.	2.2932252883911133	Ви спостерігаєте прогноз погоди у Карарагулі.	1.0598738193511963
Space saving due to compact, narrow design	Економія місця завдяки компактній вузькій конструкції.	Заощадження у просторі через компактний, вузький дизайн	0.8983638286590576	Заощадження простору завдяки компактному, вузькому дизайну	2.33317232131958	Заощадження місця через компактний, вузький дизайн	1.225170373916626
The project was closed in 2010.	Проект був закритий у 2010 році.	Проект був закритий у 2010 році.	0.6664049625396729	Проект закритий в 2010 році.	1.4312388896942139	Проект був закритий у 2010 році.	0.8421940803527832
You will also have the option of turning off third party targeting/advertising cookies each time you see an advertisement that has been personalised to you.	У вас також буде можливість вимкнути сторонні таргетингові/рекламні файли cookie щоразу, коли ви бачите персоналізовану для вас рекламу.	Крім того, ви зможете вимкнути національну печивку, націлену на третю сторону, коли побачите рекламу, яка була індивідуальна для вас.	1.891401767730713	Ви також маєте можливість відключити третьі мішування / рекламні куки кожного разу, коли ви бачите рекламу, що була персоналізована для вас.	5.635675430297852	Ви також матимете можливість вимикати національні куки на третю сторону кожного разу, коли ви побачите рекламу, яка була індивідуальна для вас.	2.750582218170166
At the end of twelve months he was walking in the royal palace of Babylon.	На кінці дванадцяти місяців він проходжувався по царському палацу в Вавилоні.	При кінці дванадцятьох місяців він ходив у царському палаці Вавилону.	1.0228493213653564	В кінці двохнадцять місяців він йшов у королевський дворец Вавилон.	3.1501739025115967	При кінці дванадцятьох місяців він ходив у царському палаці Вавилону.	1.2209985256195068
Making the registration procedure of the trade mark, logo, slogan quick and unnoticeable for you, and the trade mark registration in Ukraine is such a work, which can be qualitatively performed by our patent agency Goldmark.	Зробити процедуру реєстрації торгової марки, логотипу, слогану швидкою і непомітною для вас, а реєстрацію торгової марки в Україні - такою роботою, яку може якісно виконати наше патентне агентство Goldmark.	Впроваджуючи реєстрацію торгової марки, логотипа, гасло, що швидко і невідповідне для вас, і реєстрація торгових знаків в Україні є такою роботою, яку може бути виконано нашою патентною агенцією Goldmark.	3.0676980018615723	Зробити процедуру rejestracji товарного знаку, логотипу, слоган швидкою і непомітною для вас, а також створення товарного знаку в Україні - це така робота, яку може качественно виконувати наша патентна агенція Goldmark.	8.040783166885376	Виготовлення процедури реєстрації торгової марки, логотипа, гасла, що швидко і невідповідне для вас, і реєстрація торгових знаків в Україні є такою роботою, яку може бути виконано нашою патентною агенцією Голдмарк.	3.8013393878936768
Dr. Inken Knief is a senior associate within the arbitration group of Hogan Lovells in Munich.	Доктор Інкен Кніф є старшим співробітником арбітражної групи «Хоган Лавеллз» у Мюнхені.	Доктор Інкен Кніф є старшим співучасником групи арбітації Гоґан Лавеллс у Мюнхені.	1.6920294761657715	Доктор Інкен Кніф - старший юрист в арбитражній групі Хогана Лавллса в Мюнхене.	4.6555070877075195	Д-р Інкен Кніф - старший помічник групи арбітерації Гоґан Лавеллс у Мюнхені.	1.7824187278747559
Why reject the assistance offered by specialists?	Навіщо відмовлятися від допомоги фахівців?	Чому ж відкидати допомогу, яку пропонують спеціалісти?	0.9502143859863281	Чому відмовитися від допомоги спеціалістів?	2.0438449382781982	Навіщо відкидати допомогу, яку пропонують фахівці?	1.0555698871612549
2018 During pregnancy, every mother is concerned with the question of how to choose the right bed for her baby.	2018 Під час вагітності кожну маму хвилює питання, як правильно вибрати ліжко для свого малюка.	2018 рік під час вагітності кожна мати занепокоєна тим, як вибрати добре ліжко для своєї дитини.	1.3249738216400146	2018 Під час вагітності кожна мати турбується про те, як вибрати правильне ліжко для свого малюка.	3.9057583808898926	2018 рік під час вагітності кожна мати занепокоєна питанням вибору відповідного ліжка для своєї дитини.	1.7137720584869385
Treaty of Paris on April 18, 1951 - the creation of the European Union of Coal and Steel, the beginning of the real economic and political integration of Europe.	Паризький договір 18 квітня 1951 р. - створення Європейського Об'єднання вугілля та сталі, початок реальної економічної та політичної інтеграції Європи.	Паризька угода 18 квітня 1951 року - створення Європейського Союзу вугілля і сталі - початку реальної економічної та політичної інтеграції Європи.	1.6754651069641113	Парижська угода 18 квітня 1951 року - створення Європейського союзу вугілля та сталі, початок справжньої економічної та політичної інтеграції Європи.	4.741516590118408	Паризька угода 18 квітня 1951 року - створення Європейського союзу вугілля та сталі, початок реальної економічної та політичної інтеграції Європи.	2.722167730331421
Fortunately, his hair almost does not shed.	На щастя, його шерсть майже не линяє.	На щастя, його волосся майже не пропадає.	0.9828412532806396	На щастя, його волосся майже не висипається.	2.0016629695892334	На щастя, його волосся майже не пропадає.	0.9618203639984131
Boats and ocean	Човни і океан	Човни та океани	0.33019280433654785	Парусники та океани	1.135986328125	Човни та океани	0.5310685634613037
75 Years of the Kirovohrad Oblast	75 років Кіровоградській області	75 років Кіровоградської області	0.9143872261047363	75 років Кировоградської области	1.3251278400421143	75 років Кіровоградового Областа.	1.1246294975280762
We are actively promoting the Christmas Fair, as well as the other attractions of the city.	Ми активно популяризуємо Різдвяний ярмарок та інші туристичні атракціони міста.	Ми активно сприяємо різдвяному ярмарку, а також іншим принадам міста.	1.0171864032745361	Ми активно пропагуємо Різдво, а також інші достопримечательности міста.	2.998936653137207	Ми активно просуваємо різдвяний ярмарок, а також інші принади міста.	1.7235591411590576
And by creating more space in your life, you become happier and more open to new opportunities, ones more suited to your new lifestyle.	Створюючи більше простору у своєму житті, ви стаєте щасливішими та більш відкритими до нових можливостей, які більше відповідають вашому новому стилю життя.	І створюючи більше місця у своєму житті, ви стаєте щасливішими і відкритішими до нових можливостей, більш пристосованими до нового способу життя.	1.690965175628662	І створюючи більше простору у своєму житті, ви стаєте щасливішими і відкритішими до нових можливостей, більш підходящих до вашого нового стилю життя.	5.585813760757446	Створюючи більше місця у своєму житті, ви стаєте щасливішими і відкритішими до нових можливостей, більш пристосованими до вашого нового способу життя.	2.700958728790283
This event is traditional for Scandinavian Gymnasium. 	Це свято є традиційним для Скандинавської гімназії.	Ця подія є традиційною для скандинавського гімнасія.	0.5581145286560059	Ця подія є традиційною для Скандинавського gymnasiumу.	2.8497209548950195	Ця подія є традиційною для скандинавського гімназіуму.	1.3002760410308838
Pure competition – the kind that can be attributed to perfect competition.	Чиста конкуренція – такий вид, що можна віднести до ідеальної конкуренції.	Чиста конкуренція ⇩ Різновид, який можна приписати досконалому конкуренцію.	0.6549167633056641	Чиста конкуренція - це те, що можна приписувати ідеальному змаганням.	3.07730770111084	Чиста конкуренція ♫ вид, який можна вважати ідеальною конкуренцією.	1.6908249855041504
Most of the time, the terms ball and sphere are used as the same.	Найчастіше терміни «куля» і «сфера» використовують як синоніми.	"Більшість часу терміни "" кулька "" і "" сфера "" використовуються як однакові."	0.5862538814544678	"Найчастіше терміни """" кулька """" та """" сфера """" використовуються як одне і те саме."	4.0270836353302	"Більшу частину часу терміни "" бал "" і "" сфера "" використовуються як однакові."	1.5555059909820557
Retrospectives of famous documentaries, master classes and an educational human rights campaign were held as part of the festival’s program.	У рамках програми фестивалю відбулися ретроспективи відомих документальних фільмів, майстер-класи та просвітницька правозахисна кампанія.	Ретроспективи відомих документальних фільмів, вищих класів та навчальної кампанії з прав людини були проведені як частина програми фестивалів.	0.9558727741241455	В рамках програми фестивалю проводилися ретроспективы відомих документальних фільмів, мастер-класи та освітня кампанія за права людини.	4.770045042037964	Ретроспективи відомих документальних фільмів, найкращих класів та навчальної кампанії з прав людини були проведені як частина програми фестивалів.	2.881744623184204
Militancy of Sparta residents can be explained by the fact that the Spartans being a very small nation (about ten thousand people), in their military strength they seen only way to survive.	Войовничість жителів Спарти можна пояснити тим, що спартанці, будучи дуже нечисленним народом (близько десяти тисяч осіб), бачили у своїй військовій силі єдиний спосіб вижити.	Милість мешканців Спарти можна пояснити тим, що спартанці були дуже маленькою нацією (близько десяти тисяч чоловік), у своїй військовій силі вони бачили лише спосіб вижити.	1.186497449874878	Мілліанність жителів Спарти можна пояснити тим, що Спартанці, будучи дуже маленькою нацією (приблизно 10 тисяч людей), в своїй військовій потужності бачили лише спосіб вижити.	7.339399576187134	Милість мешканців Спарти можна пояснити тим, що спартанці були дуже маленькою нацією (близько десяти тисяч людей) у своїй військовій силі, вони бачили лише спосіб вижити.	3.8435070514678955
Nearly all of these devices make use of a rotating magnetic field but from time to time linear alternators are also used.	Майже всі ці пристрої використовують обертове магнітне поле, але іноді застосовуються і лінійні генератори.	Майже всі ці прилади використовують магнітне поле, що обертається, але час від часу використовують також лінійні деформатори.	1.1231088638305664	Майже всі ці пристрої використовують обертене магнітне поле, але час від часу також використовують лінійні альтернативери.	4.495625257492065	Майже всі ці пристрої використовують магнітне поле, що обертається, але час від часу використовуються також лінійні декоратори.	2.110213041305542
The rigidity of the construction of the bar and sheets of shingles assumes the use of seals for installation.	Жорсткість конструкції планки та листів черепиці передбачає використання ущільнювачів під час монтажу.	Твердість конструювання та простирадла, яку використовують для встановлення печаток, належить до того, що вони були твердими.	2.0399222373962402	Нестабільність конструювання шипника та листів шинглів передбачає використання герметиків для монтажу.	4.378061056137085	Негнучкість конструювання та простирадла припускає, що для встановлення печаток використовують печатки.	2.0013551712036133
Saturday, September 30, 2017 in San Gennaro Vesuviano the weather will be like this:	У суботу, 30 вересня 2017 року, в Сан-Дженнаро-Везувіано погода буде такою:	У суботу, 30 вересня 2017 року в Сан - Геннаро Везувіаньо погода буде такою:	1.6579911708831787	Суббота, Сентябрь 30, 2017 в Сан Ґеннаро Весувіано погода буде така:	4.167117357254028	У суботу, 30 вересня 2017 року в Сан-Ганнаро Везувіано погода буде такою:	2.232971668243408
I've lost my job and am behind on my mortgage. It scares me that I could lose my home.	Я втратив роботу і затримав свою іпотеку. Мене лякає, що я можу втратити дім.	Я втратив роботу і тепер маю іпотеку, бо боюся втратити дім.	1.1004574298858643	Я втратила роботу і занедбала свою заставу. Мене лякає те, що можу втратити дім.	4.104945421218872	Я втратив роботу і залишився на іпотеці. Це лякає мене, що я можу втратити свій дім.	2.1156184673309326
I find it hard to concentrate at work, my thoughts scatter, and deadlines only increase my anxiety. It feels like I’m failing.	Мені важко зосередитися на роботі, думки розбігаються, а дедлайни тільки посилюють тривогу. Відчуття, що я не справляюся.	Мені важко зосереджуватися на роботі, мої думки розпорошуються, і кінцеві терміни лише збільшують мою тривогу.	1.9839985370635986	Мені важко зосередитися на роботі, мої думки розповсюджуються, і терміни лише збільшують мою тривогу. Мені здається, що я провалююсь.	5.990493059158325	Мені важко зосереджуватися на роботі, мої думки розсіюються, а термінові терміни лише збільшують мою тривогу. Таке відчуття, ніби я роблю певні кроки.	2.929845094680786
Lately, I feel constantly tired, even if I get enough sleep. 	Останнім часом відчуваю постійну втому, навіть якщо добре висплюся. 	Останнім часом я почуваюсь постійно втомленою, навіть якщо маю достатньо сну.	0.7758209705352783	Останнім часом я відчуваю себе постійно втомленою, навіть якщо в мене достатньо спить.	3.2779953479766846	Останнім часом я почуваюся постійно втомленою, навіть якщо достатньо сплю.	1.5754268169403076
I have so many thoughts in my head that I can’t sleep. It’s like my brain won’t shut off.	У мене стільки думок у голові, що я не можу заснути. Наче мозок не вимикається.	У мене так багато думок в голові, що я можу спати.	0.9614894390106201	У мене в голові стільки думок, що я не можу спати. Це ніби мій мозок не замкнеться.	4.057202577590942	У мене так багато думок у голові, що я можу спати.	1.893296241760254
People around me say I’m too sensitive. But how do I learn not to feel pain?	Люди навколо кажуть, що я занадто чутливий. Але як навчитися не відчувати біль?	Люди вокруг меня говорят, что я слишком чувствительный, но как я учусь не чувствовать боль?	1.2784912586212158	Люди навколо мене кажуть, що я занадто чутлива. Але як я вчусь не відчувати болю?	3.8653793334960938	Люди навколо мене кажуть, що я занадто чутливий. Але як я вчуся не відчувати болю?	2.090132474899292
There are days when I just don’t want to leave my room. The world feels too heavy for me.	Бувають дні, коли я просто не хочу виходити з кімнати. Світ здається занадто важким для мене.	є дні, коли я просто хочу вийти з моєї кімнати... світ відчуває себе занадто важким для мене.	0.9548001289367676	Є дні, коли я просто не хочу піти з кімнати. Світ відчувається надто складним для мене.	3.954633951187134	Бувають дні, коли я просто не хочу виходити зі своєї кімнати. Світ відчуває себе занадто важким для мене.	1.8123903274536133
When I ask for help, people say, “Pull yourself together.” But how?	Коли я прошу про допомогу, люди кажуть: «Зберися». Але як?	Коли я прошу про допомогу, люди кажуть:	0.9181516170501709	"Коли я запитую про допомогу, люди кажуть: """" Заспокоїться разом """". Але як?"	3.4367072582244873	"Коли я прошу про допомогу, люди кажуть: ""Закрийся разом."" Але як?"	1.8402173519134521
It’s hard for me to say “no,” even when I don’t want to do something. 	Мені складно сказати «ні», навіть коли я не хочу чогось робити. 	"Мені важко сказати ""no,"" навіть коли я не хочу щось робити."	0.953930139541626	"Мені важко сказати """" ні """", навіть коли я не хочу чогось робити."	2.939234733581543	"Мені важко сказати ""Ні,"" навіть коли я не хочу щось робити."	1.1527526378631592
I feel like I’ve lost myself. I don’t know who I am or what I want from life.	Я відчуваю, що втратив самого себе. Не знаю, хто я і чого хочу від життя.	Я не знаю, хто я, чи що я хочу від життя.	0.866757869720459	Я відчуваю себе втраченою. Я не знаю, хто я, чи чого я хочу від життя.	3.5491116046905518	Я відчуваю, що я втратив себе. Я не знаю, хто я або що я хочу від життя.	2.1753146648406982
You will gain an understanding of the human factors in aviation, airline strategic management, and airport operational management as well as have the opportunity to undertake an internship course (aviation practicum).	Ви отримаєте розуміння людських факторів у авіації, стратегічному управлінні авіапідприємствами та операційному управлінню аеропортом, а також зможете пройти стажування (авіаційний практикум).	Ви зрозумієте людські фактори в авіації, стратегічному управлінні літаками, управлінні аеропортом, а також матимете нагоду пройти курс інтерв'ю.	2.371633291244507	Ви зрозумієте людські фактори в авіації, стратегічному менеджменті авіалінії та операційному менеджменті аеропорту, а також отримаєте можливість пройти інтернійський курс (практика авіації).	6.930450201034546	Ви здобудете розуміння людських факторів в авіації, стратегічному управлінні авіаційними літаками, управлінні аеропортами, а також матимете можливість розпочати курс інтерв'ю (автомат аудиторії).	3.8005809783935547
These principles include, crucially, explicit legal protection for whistleblowers; as a consequence, they would be adequate for protecting democratic freedoms—if adopted completely and enforced without exception forever.	У ці принципи входить (що життєво важливо) явний юридичний захист інформаторів; як наслідок, ці принципи будуть адекватні захисту демократичних свобод — якщо їх приймуть у повному обсязі і будуть дотримуватися завжди і без винятків.	Ці принципи включають, критично, ясний законний захист для стукачів; як наслідок цього, вони були б відповідні для захисту демократичної свободи, якщо б були цілком прийняті й примусові без винятку назавжди.	1.3427884578704834	Ці принципи включають, щонайважливіше, чітку легальну захисту розповідачів; в результаті, вони були б адекватні для захисту демократичних свобод - якщо б вони були повністю приняті і втілені без винятків назавжди.	8.778317213058472	Ці принципи включають, критично, чіткий юридичний захист для стукачів; як наслідок цього, вони були б достатніми для захисту демократичних свобод, якщо б вони були прийняті повністю і примусові без винятку назавжди.	2.5313854217529297
A Nobel Peace Prize winner for his work on hunger, he once said: ‘You can’t build a peaceful world on empty stomachs and human misery.’	"Він отримав Нобелівську премію миру за свою працю, присвячену голоду, і одного разу сказав: ""Неможливо побудувати мирний світ на порожніх шлунках і людських нещастях""."	"Лауреат Нобелівської премії миру за свою працю про голод, він якось сказав: "" Ви можете створити мирний світ на голодному животі та людських стражданнях."	1.0511860847473145	"Він, лауреат Нобелівської премії за боротьбу з голодом, одного разу сказав: """" Ти не можеш побудувати мирний світ на порожніх шлунках та людському стражданні """"."	6.940857887268066	"Лауреат Нобелівської премії миру за свою працю з приводу голоду, він якось сказав: ""Ви можете побудувати мирний світ на пустому животі та людських стражданнях."	2.2886321544647217
Of the material in this article you will learn what it actually costs to pay money wedding photographer, and for what pay is not worth it.	З матеріалу даної статті Ви дізнаєтесь за що насправді варто платити гроші весільному фотографу, а за що платити не варто.	З матеріалу у цій статті ви дізнаєтесь, скільки насправді коштує плата за весільний фотограф, а зарплата того не варта.	0.9807207584381104	З матеріалів цієї статті ви дізнаєтесь, скільки насправді коштує заплатити за весіллі фотографа, і за те, що плата не варта цього.	5.252901315689087	З матеріалу у цій статті ви дізнаєтеся, скільки насправді коштує заплатити весільний фотограф за гроші, і за те, за яку плату не варто платити.	2.523683786392212
Sunrise and sunset time for Bourg-en-Bresse	Схід і захід сонця в Кормей-ан-Паризі	Час сходу сонця і заходу сонця для Бург-ен- Бресс	0.4464709758758545	Час виходу та заходу сонця в Bourg-en-Bresse	3.0670721530914307	Час сходу сонця та заходу сонця для Бург-ен- Брессе.	1.5146560668945312
"But the yellow hare, jars with soda, the layout of the letter ""A"", bright towels, a toy cactus and other elements became colored splashes of joy and creativity on all surfaces of the apartment."	А ось жовтий заєць, баночки з газованою водою, макет літери «А», яскраві рушники, іграшковий кактус і інші елементи стали кольоровими бризками радості і креативу на всіх поверхнях квартири.	"Але жовтий заєць, глеки з содовою, розклад букви ""А,"" яскраві рушники, іграшковий кактус та інші елементи стали кольоровими сплесками радості і творчості на всіх поверхнях квартири."	1.3929691314697266	"Але жовтий равлик, банки з содой, розкладання літери """" А """", яскраві рушники, іграшковий kaktus та інші елементи стали кольоровими краплями радості та творчості на всіх поверхностях квартири."	8.432092189788818	"Але жовтий заєць, глеки з содовою водою, розклад букви ""А"", яскраві рушники, іграшковий кактус та інші елементи стали кольоровими плесками радості та творчості на всіх поверхнях квартири."	4.552434921264648
"In addition to academic experts in the working group will also include Hirohisa Koyama, owner of the restaurant of national cuisine ""Aoyagi""; Kiyomi Mikuni, chef and owner of the hotel Hotel de Mikuni; Nobuyuki Ota, head of interior fashion ""Issey Miyake"", as well as fashion designer Yumiko Hara and designer Akira Minagawa."	"Крім академічних експертів, до складу робочої групи також увійдуть Хірохиса Кояма, власник ресторану національної кухні ""Аоягі""; Києм Мікуні, шеф-кухар і власник готелю Hotel de Mikuni; Нобуюкі Ота, керівник салону моди ""Іссей Міяке""; а також художник-модельєр Юмико Хара і дизайнер Акіра Мінагава."	"На додачу до академічних експертів цієї групи також належатимуть Хірогіса Кояма, власник ресторану національної кухні ""Анойагі""; Куімі Мікуні, шеф-кухар і власник готелю де Мікуні; Нобуюкі Ота, керівник внутрішньої моди ""Іссей Міяк,"" а також дизайнер моди Юміко Хара та дизайнер Акіра Мінагагава."	2.646926164627075	"Наряду з академічними експертами в цій групі також будуть присутні власник ресторану національної кухни """" Ояґі """", Хирохіса Кояма, шеф-повар та власник отеля """" Отель де Мікуні """", Кіомі Мікуні, Nobuyuki Ota, голова дизайну інтер 'єру """" Іссей Міяке """", а також дизайнер Юміко Хара та дизайнер Акира Minagawa."	16.266393184661865	"Окрім академічних експертів у робочій групі, до складу готелю де Мікуні також входитимуть Хірогіса Кояма, власник ресторану національної кухні ""Айойагі""; Кіімі Мікуні, шеф-кухар і власник готелю де Мікуні; Нобуюкі Ота, голова внутрішньої моди ""Ізі Міяк,"" а також дизайнер моди Юміко Хара та дизайнер Акіра Мінагава."	8.25782060623169
August 8, 1614 - Lviv official Jan Swoszowski of the Gryf coat of arms (XVI-1615), the founder of the city of Ivano-Frankove, founded the parish of Blessed Virgin Mary, Saint Michael Archangel and Saint John the Baptist.	8 серпня 1614 - львівський писар і землянин Ян Свошовський гербу Гриф (XVI-1615), засновник міста Янів, зафундував латинську парафію Пресвятої Діви Марії, Св. Архангела Михаїла та Св. Йоана Хрестителя.	8 серпня 1614 року офіційний працівник Львова Ян Свошовський з 22-го шару зброї (XVI-1615), засновник міста Івано-Франков, заснував парафію Благословенної Діви Марії, святого Михаїла Архангела і Святого Івана Хрестителя.	1.8765578269958496	8 серпня 1614 - Львовський чиновник Жан Сwoszowski з гербу Ґріфа (XVI-1615), засновник міста Ивано-Франкове, заснував приход Пресвятої Богородици, святого Михаила-Архангела і святого Іоанна Крестителя.	10.305520296096802	8 серпня 1614 року офіційний працівник Львова, Ян Свошовський з германського шару зброї (XVI-1615), засновник міста Івано-Франкове, заснував парафію Благословенної Діви Марії, святого Майкла Архангела та Святого Івана Хрестителя.	5.140279531478882
Numerous users have become permanent residents of the new created world and made it so popular that it prompted the production of related products with logos on hats, T-shirts, cups, mouse pads for computers.	Численні користувачі стали постійними мешканцями нового створеного світу і зробили його популярним настільки, що це послужило приводом для виробництва супутніх товарів з емблемами на кепках, футболках, чашках, килимках для комп'ютерної мишки.	Чимало користувачів стали постійними жителями нового світу, і це зробило його настільки популярним, що викликало виробництво споріднених товарів з логотипами на капелюхах, футболках, чашках, мишаних подушках для комп'ютерів.	1.3248610496520996	Багато користувачів стали постійними жителями нового творчого світу і зробили його таким популярним, що він спричинив виробництво відповідних продуктів з логотипами на капелюхах, футболках, чашках, мишах для комп 'ютерів.	8.232973337173462	Багато користувачів стали постійними жителями нового світу, створеного, і зробили його настільки популярним, що це спонукало виробництво споріднених товарів з логотипами на капелюхах, футболках, чашках, мишах для комп'ютерів.	3.6902616024017334
The Bachelor of Information Technology (Hons) course has a core of Information Technology (IT) subjects complemented with a selection from a wide range of subjects that includes the latest advances in IT skills, concepts, and applications (eg object-oriented analysis and design, multimedia, networking, data communications and internet publishing).	Бакалавр інформаційних технологій (з відзнакою), звичайно, має ядро суб'єктів інформаційних технологій (ІТ), доповнений з вибором з широкого кола питань, який включає в себе останні досягнення в області ІТ-навичок, концепцій і програм (наприклад, об'єктно-орієнтований аналіз і проектування, мультимедіа, робота в мережі передачі даних і інтернет-видавництво).	"У "" Біштарі інформаційної технології "" (Гонс) є основа інформаційної технології (IT) об'єктів, які доповнюють вибір з широкого спектру тем, які включають останні досягнення у IT-техніці, концепції та програмах (наприклад, об'єктно-орієнтований аналіз і дизайн, мультимедіа, мережа, обмін даними та оприлюднення інтернету)."	2.534964084625244	Bachelor of Information Technology (Hons) курс має ядро предметів індустрії інформаційних технологій (ІТ), до яких додається вибір з широкого спектру предметів, що включають найновіші досягнення в комп 'ютерних вичках, концепціях та застосуванні (например, орієнтований на об' єкти аналіз та дизайн, мультимедий, мережеві мережі, зв 'язки з даними та інтернет-друк).	14.644084215164185	Колектор інформаційної технології (Гонс) має основу інформаційної технології (IT), яка доповнює об'єктами з широкого спектру тем, які включають останні досягнення у IT-техніці, концепційах та програмах (наприклад, об'єктно-орієнтований аналіз та дизайн, мультимедіа, мережа, комунікація та інтернет-публікація).	7.516186475753784
However, all problems are corrected in time with the help of timely updates.	Однак всі проблеми вчасно виправляються за допомогою своєчасних оновлень.	Однак усі проблеми вчасно виправляють за допомогою своєчасних оновлень.	0.4203352928161621	Однак, всі проблеми виправляються вчасно за допомогою вчасних оновлень.	3.0698769092559814	Однак усі проблеми вчасно виправляють за допомогою своєчасних оновлень.	1.279392957687378
If the airline pays the compensation or provides the services as provided in this Article, no provision of this Article shall be construed as such that states that the airline has recognized its fault or as limiting its right to demand compensation by way of recourse from any entity, including third parties, under the applicable legislation of the state of departure/arrival of the flight.	У разі, якщо авіакомпанія виплачує компенсацію або надає послуги, передбачені цим розділом, жодне положення цього розділу не може тлумачитись як таке, що авіакомпанія визнала свою вину або обмежує її права вимагати компенсації у порядку регресу від будь-якої особи, включаючи третіх осіб, згідно з діючим законодавством країни відправки/прибуття рейсу.	Якщо авіакомпанія виплатить компенсацію або надасть послуги, як це показано у цій статті, то ніхто не зможе зафіксувати цю статтю так, щоб вона повідомила про свою провину або обмежила право вимагати компенсації шляхом виключення з будь-якого об'єкта, у тому числі з третьою стороною, під відповідним законодавством штату від'їзд/у польоту.	2.4551186561584473	Якщо авіалінія оплачує компенсацію або надає послуги, як це зазначено у цьому artykule, то жодне положення цього artykułу не можна інтерпретувати як таке, що стверджує, що авіалінія признала свою провину, або як таке, що обмежує її право вимагати компенсації шляхом recursoу від будь-якого podmiotу, включно з третьими сторонами, відповідно до розповсюджених законів країни відправления / прибытня польоту.	17.073813676834106	Якщо авіакомпанія платить компенсацію або надає послуги, як це показано у цій статті, не слід використовувати жодних заходів цієї статті, як таких, що кажуть, що авіакомпанія розпізнала свою провину або обмежила своє право вимагати компенсації шляхом виключення з будь-якого об'єкта, включно з третьою стороною, у відповідному законодавстві штату від'їзд/арраляція польоту.	7.598733425140381
Successful use of the blue scale gives the room a sense of peace, and you will be given a long-awaited rest after a long working day	Вдале використання синьої гами наділяє кімнату почуттям умиротворення, а вам подарує довгоочікуваний відпочинок після тривалого робочого дня.	Успішне використання синього масштабу дає кімнату відчуття миру, і вам буде дано довгоочікуваний відпочинок після довгого робочого дня	0.8476142883300781	Успішно використання блакитного діаграми дає кімнаті відчуття миру, і після довгого робочого дня ви отримаєте довго очікуваний покой	5.2875165939331055	Успішне використання синього масштабу дає кімнату відчуття миру, і вам дадуть довгостроковий відпочинок після довгого робочого дня.	2.1357598304748535
He paid thorough attention to acquiring of practical skills by his subordinates during field trainings.	Особливо прискіпливо він ставився до набуття підлеглими практичних навичок під час польових виходів.	Він уважно брав участь у навчанні підлеглих, щоб набути практичних навичок.	0.5617673397064209	Він звернув глибоку увагу на те, щоб підлеглі вчилися на практиці під час польових тренувань.	3.9133732318878174	Він уважно брав участь у здобутті практичних навичок своїх підлеглих під час тренувань на полі.	1.6529526710510254
Your entire team can join the same Hangout from their desktop, laptop, tablet or phone with the same easy-to-use experience.	Уся ваша команда може легко приєднатися до сеансу із будь-якого пристрою: настільного комп’ютера, ноутбука, планшета чи телефона.	"Вся ваша команда може приєднатися до того самого "" Погонича "" зі стільниці, ноутбука, планшета або телефона з таким самим простим досвідом користування."	1.0245463848114014	Уся ваша команда може приєднатися до такого Hangout з їхнього робочого столу, ноутбука, планшета чи телефону з таким же простим досвідом.	5.725736618041992	"Вся ваша команда може приєднатися до того самого ""Ханґу"" зі свого робочого столу, ноутбука, планшета або телефона з таким самим легким досвідом користування."	3.2773208618164062
Your main goal in the game - do not get caught in the clutches of a neighbor until you change yourself for him all sorts of trouble, which should bring it to the boiling point.	Ваше головне завдання в грі - не попастися в лапи сусіда, поки Ви підлаштовуєте йому всілякі неприємності, які повинні довести його до точки кипіння.	Ваша головна мета - не потрапити в лапи сусіда, аж поки ви не зміните свій спосіб життя на будь - який клопіт, що приведе її до кипіння.	1.039231300354004	Ваша головна мета в грі - не застрягнути в клавішах сусіда, поки ви не зміните себе для нього всі типи проблем, які повинні принести його до точки кипіння.	6.756643772125244	Ваша головна мета у грі - не потрапити в лапи сусіда, поки ви не зміните себе на всі види неприємностей, що приведе його до кипіння.	2.9015822410583496
However, let’s see, what you will face when trying to create your own company:	Однак давайте розберемося, з чим вам доведеться зіткнутися при спробі створити власну компанію.	Проте, давайте подивимося, те, що ви будете зустрічати, коли будете старатись створити вашу власну компанію:	0.634803295135498	Однак, давайте поглянемо, з чим ви зіткнетеся, намагаючись створити власну компанію:	3.56779146194458	Проте, давайте подивимося, те, що ви зустрінете, коли спробуєте створити вашу власну компанію:	1.3968794345855713
In the process of the scuffle they damaged photographic equipment of correspondents of Ukrainian News agency Serhii Bobok and Fotolenta's Serhii Kozlov.	"У процесі бійки було пошкоджено фотоапаратури кореспондентів інформаційних агентств Українські Новини Сергія Бобка й ""Фотолента"" Сергія Козлова."	У процесі бешкетування вони пошкодили фотографічне обладнання кореспондентів українського інформаційного агентства Сергії Бобок і сергієвого Козлова.	1.1548514366149902	Під час сварки вони пошкодили фотообладнання кореспондентів ukraińskiej агенції новин Сержі Бобока та Фотоленти Сержі Козлова.	5.750460863113403	У процесі збивання вони пошкодили фотографічне обладнання кореспондентів українського інформаційного агентства Сергії Бобок і сергієвого Козлова, сергіє.	4.185892820358276
"Then it was — we started seeing a change and I kept encouraging him but we started seeing a change in him to where he said, ""I'm not just doing this for you anymore mom, I'm doing this for me."""	Потім ми почали бачити зміни, і я продовжувала підбадьорювати його, але ми помітили зміни в ньому, коли він сказав: «Я більше не роблю це лише для тебе, мамо, я роблю це для себе».	"Тоді ми почали бачити зміну, і я продовжував підбадьорювати його, але ми почали бачити зміну в ньому, де він сказав: ""Я не просто роблю це для вас, мама, я роблю це для мене."""	1.171647310256958	"Тоді ми побачили зміну, і я продовжував підбадьорювати його, але ми побачили зміну в ньому, коли він сказав: """" Я більше не роблю це тільки для тебе, мамо, я роблю це для мене """"."	8.235190868377686	"Потім ми почали бачити зміну, і я продовжував підбадьорювати його, але ми почали бачити зміну в ньому, на якій він сказав: ""Я не просто роблю це для вас, мама, я роблю це для себе."""	4.228882789611816
At the discretion of the responsible manager, for some items, you can select several pieces of similar devices.	На розсуд відповідального менеджера, по окремих позиціях, можливий вибір кількох штук однотипних приладів.	З огляду на думку відповідального менеджера, для деяких з пунктів ви можете обрати декілька подібних пристроїв.	0.7129244804382324	В discretion відповідального менеджера, для деяких речей, ви можете вибрати декілька схожих пристроїв.	4.010586500167847	За думкою відповідального менеджера, для деяких елементів ви можете обрати декілька подібних пристроїв.	1.9571032524108887
Classification of Administrative and Territorial Division of Ukraine (COATU)	Класифікатор об’єктів адміністративно-територіального устрою України (КОАТУУ)	Класифікація Адміністративного і Терріального дивізії України (COATU) Noun, a currency	0.8996055126190186	класифікація Адміністративного та Территориального підрозділу Украины (COATU)	2.9240622520446777	Класифікація Адміністративного та Терріторального дивізії України (COATU)	2.0283560752868652
Only those who took their own lives were buried without a Christian ceremony, outside of churchyard wall.	Виняток становили самогубці, котрих ховали без християнського обряду за муром цвинтаря.	Тільки тих, що забирали своє життя були поховані без християнської церемонії, поза муром церковного подвір'я.	0.6998167037963867	Лише ті, хто взяв власне життя, були поховані без християнської церемоні, за межами церкви.	4.335527420043945	Тільки тих, хто забирав собі життя, ховали без християнської церемонії, поза стіною церковного подвір'я.	2.7913639545440674
The race of Elves originated near here, though their original home of Cuiviénen no longer existed by the Third Age.	Ельфи вперше з'явилися саме там, на крайньому сході. Їх батьківщини Куівіенен в Третю епоху вже не існувало.	Забіг ельфів почався тут, хоч їхній оригінальний дім Куівієну вже не існував у Третій Добі.	0.7453033924102783	Раса elfів виникла десь тут, хоча їхній рідний дім Куївіенен вже не існував до Третього віку.	4.91063928604126	Раса ельфів почалася тут неподалік, хоча їхня початкова домівка Куівієн більше не існувала у Третьому віці.	2.164966583251953
Fun party Presenter of the corporate holiday – it is a separate area of creativity.	Робота ведучого на корпоративному святі – це окремий напрямок творчості.	Весела вечірка корпоративного свята ♫ Це окрема область творчості.	0.511772632598877	Розважна вечірка Подарувач корпоративного відпочинку - це окрема сфера творчості.	2.9877007007598877	Грандіозний учасник корпоративного свята ♫ Це окрема область творчості.	1.6247966289520264
Now it's time to look at how to place your boxes in the right place in relation to the viewport, and one another.	Тепер час розглянути розташування ваших блоків у правильному місці, по відношенню до точки огляду, і відносно один одного.	Тепер час подивитися, як покласти свої коробки у правильному місці у зв'язку з полем зору, та один з одним.	0.7638556957244873	Тепер прийшов час подивитися, як помістити коробки в правильному місці, в залежності від порту зору, і один від одного.	5.267984390258789	Настав час подивитися, як покласти коробки у правильному місці, у зв'язку з полем зору, та один з одним.	2.0668838024139404
He gave us a deadline.	Він встановив граничний термін.	Він дав нам термін.	0.19591426849365234	Він дав нам кінцевий термін.	1.3400819301605225	Він дав нам термін.	0.5794887542724609
Volunteers cannot replace proper military or foreign intelligence agencies or wage an all-out cyberwar.	Волонтери не можуть замінити собою воєнну чи зовнішню розвідку чи вести тотальну кібервійну.	Добровольці не можуть замінити відповідні військові або іноземні агентури розвідки або профінансувати всю кібервійну.	0.7167360782623291	Добровольці не можуть замінити справжнє військове чи іноземне розвідувальне агентство або вести всюдису кібер-війну.	5.183213233947754	Добровольці не можуть замінити відповідні військові або іноземні агентури розвідки або вести повну кібервійну.	1.9554355144500732
You can sow seeds in November – during winter they will endure a natural stratification, and in spring you will get sturdy healthy shoots that will bloom in time.	Можна посіяти насіння в листопаді – за зиму воно пройде природну стратифікацію, і навесні ви отримаєте міцненькі здорові сходи, які вчасно зацвітуть.	Ви можете посіяти насіння в листопаді ⇩ взимку вони витримають природне відсіювання, а навесні ви отримаєте міцні здорові паростки, які розквітатимуть у часі.	1.1213715076446533	Ви можете сіяти насіння в листопаді - взимку вони переживуть природну стріфікацію, а весною ви отримаєте міцні здорові стовбури, які з 'являться вчасно.	9.403733968734741	Ви можете посіяти насіння в листопаді ♫ протягом зими вони витримають природну стратизацію, а навесні ви отримаєте міцні здорові пагони, які розквітатимуть у часі.	3.178640365600586
Thank you for your donation! There will be a benevolent Collection for “Andrew’s Pence” on Sunday, February 28, 2016 to support our Patriarch, His Beatitude Svyatoslav Shevchuk and the building of Resurrection Cathedral Church in Kyiv (Patriarchal Sobor.)	Дякую за ваш донат! У неділю, 28 лютого ц.р. відбудеться збірка на «Андріївський Гріш» для підтримки нашого патріарха Святослава і будівництва Катедрального Собору Воскресіння у Києві.	Дякую за вашу пожертву! буде доброзичлива збірка для }Анжевса Пенса в неділю, 28 лютого 2016 р., щоб підтримати нашого патріарха, Його Вимога Світослава Шевчука і будування кафедральної церкви Воскресення в Києві (Патріарха Собора).	2.228898763656616	"Дякую за ваші пожертви! Неділя, 28 Февраля 2016 року, буде створено доброчинне колекцію для """" Андрієвого пенса """", щоб підтримати нашого Патриарха, Блаженства Святослава Шевчука, та будівлю собору воскресенья в Київі (Патриарський Собор.)"	17.33240818977356	"Дякуємо вам за вашу пожертву! У неділю 28 лютого 2016 року буде доброзичлива збірка для ""Анжерос Пенс"" для підтримки нашого патріарха, Свіататослава Шевчука"" та будівництво кафедральної церкви Воскресіння у Києві (Патріархал Собор)."	5.097046375274658
Please check if there is any reason as below:	Перевірте, чи є якісь причини, наведені нижче:	Будь ласка, перевірте, чи немає причин, на зразок нижче:	0.5281131267547607	Прошу вас перевірити, чи є якісь причини:	3.612361431121826	Будь ласка, перевірте, чи існує якась причина на наступне:	1.6060824394226074
Nevertheless, after thoroughly picking and also testing all Garcinia Cambogia items presently on the market, we have involved the verdict that choosing 100 % pure product needs screening in a lab.	Проте, після ретельного вибору, а також тестування всіх елементів гарцинии камбоджійської в даний час на ринку, ми залучили вердикт, що при виборі 100% чистий продукт потребує скринінг в лабораторії.	Тим не менш, після ретельного підбору та тестування всіх речей Ґарчінії Камбоджіа на ринку, ми взяли участь у вердикті, що обираємо 100% чистого продукту, який потребує перевірки в лабораторії.	1.5387918949127197	Тим не менше, після детального відбору і також тестування всіх Garcinia Cambogia речей на ринку, ми долучилися до виroku, що вибір 100% чистого продукту потребує скринінгу в лабораторії.	10.653584957122803	Тим не менш, після ретельного підбору та тестування всіх речей Ґарсінії Камбоджіа на ринку, ми взяли участь у вердикті, що обравши 100% чистого продукту, потрібно перевірити в лабораторії.	4.23302698135376
If the fish will be too much to achieve biological balance will not succeed.	Якщо рибок буде занадто багато домогтися біологічної рівноваги не вдасться.	Якщо риби не матимуть біологічної рівноваги, то це не матиме успіху.	0.5391397476196289	Якщо рибою буде занадто багато, щоб досягнути біологічного балансу, це не спрацює.	4.904807090759277	Якщо риба буде занадто великою, щоб досягти біологічного балансу, вона не матиме успіху.	1.9635310173034668
Different types of customers have various features, and they have different preferences for the above four requirements.	Різні типи клієнтів мають різні функції, і вони мають різні уподобання для чотирьох вищевказаних вимог.	Різні типи покупців мають різні особливості, і вони мають різні переваги до вищезгаданих чотирьох вимог.	0.6404190063476562	Різні типи споживачів мають різні характеристики, і вони мають різні переваги для цих чотирьох вимог.	5.238347053527832	Різні типи клієнтів мають різні особливості, і вони мають різні переваги для вищезгаданих чотирьох вимог.	1.6581857204437256
Bandera, 52, Chervonograd, Lviv area,	Бандери, 52, Червоноград, Львівська область,	Бандера, 52, Червоград, область Львова,	0.5865535736083984	Бандера, 52, Червоноград, Львов,	3.648674726486206	Бандера, 52, Червоград, область Львова,	1.0923454761505127
If you a few times changed the filter conditions, you can change these filter clicking on the icons: Previous filter and Next filter.	Якщо ви кілька разів змінювали умови фільтрації даних, ви можете перемикатися між цими фільтрами, натискаючи по іконкам Попередній фільтр і Наступний фільтр.	Якщо ви декілька разів змінили умови фільтрування, ви можете змінити ці параметри фільтрування, натиснувши на піктограми: Попередній фільтр і Наступний.	0.8193838596343994	Якщо ви кілька разів змінили умови відфільтрування, ви можете змінити ці відфільтри, натискаючи на іконки: Поprzedній відфільтр та Наступний відфільтр.	8.285433053970337	Якщо ви декілька разів змінили умови фільтрування, ви можете змінити ці умови фільтрування, натиснувши на піктограми: Попередній фільтр і Наступний.	2.028550148010254
He started boxing at 13 and 4 years later he has won Europe’s champion title among juniors, he was the champion of Ukraine 5 times.	Боксом почав займатися у 13 років і через 4 роки вже завоював звання чемпіона Європи серед юніорів, був чемпіоном України 5 разів.	Він почав бокс в 13 і 4 роки пізніше він виграв у Європі чемпіонат серед підлітків, він був чемпіоном України 5 разів.	0.9097805023193359	Він почав боксувати у 13 років, а через 4 роки він одержав титул чемпіона Європи серед юниорів, він був чемпіоном Украины 5 разів.	6.041708707809448	Він почав бокс на 13 і 4 роки пізніше він виграв чемпіонат Європи серед підлітків, він був чемпіоном України 5 разів.	1.6886036396026611
In addition, this program will help to pick up on the hair color and hairstyle photo.	Крім того дана програма допоможе на підібрати колір волосся і стрижку по фото.	Крім того, завдяки цій програмі можна отримати фотографію кольору волосся та зачіски.	0.5668151378631592	До того ж, ця програма допоможе розібратися на колірі волосся і фото.	4.548611879348755	Крім того, ця програма допоможе підбирати колір волосся та його зачіску.	1.188042163848877
Biological psychologists seek an understanding of the emergent properties of brains, linking the discipline to neuroscience. As social scientists, psychologists aim to understand the behavior of individuals and groups.	Біологічні психологи прагнуть зрозуміти емерджентні властивості мозку, пов'язуючи цю дисципліну з неврологією. Як соціальні науковці, психологи прагнуть зрозуміти поведінку окремих людей і груп.	Біологічні психологи шукають розуміння властивостей мозку, які з'єднують дисципліну з неврологією. психологи намагаються зрозуміти поведінку окремих осіб та груп.	1.0154221057891846	Біологічні психологи прагнуть зрозуміти з 'явлені властивості мозку, поєднуючи науку з нейробіологією. Як соціальні вчені, психологи прагнуть зрозуміти поведінку людей та груп.	8.298279047012329	Біологічні психологи шукають розуміння зовнішніх властивостей мозку, пов'язуючи дисципліну з неврологією. Як соціологи, психологи мають намір зрозуміти поведінку окремих осіб та груп.	3.0534305572509766
The ancient civilizations of Egypt, Greece, China, India, and Persia all engaged in the philosophical study of psychology. In Ancient Egypt the Ebers Papyrus mentioned depression and thought disorders.	Стародавні цивілізації Єгипту, Греції, Китаю, Індії та Персії займалися філософським вивченням психології. У Стародавньому Єгипті в папірусі Еберса згадується про депресію та розлади мислення.	У давньоєгипетському папірусі Еверса згадувалися про депресію і розлади мислення.	0.6867043972015381	Стародавні цивілізації Єгипту, Греції, Китаю, Індії та Персии всі брали участь у філософських дослідженнях психології. У Стародавньому Єгипті Еберський Папір згадував депресію та розлади мислення.	13.0345778465271	Давні цивілізації Єгипту, Греції, Китаю, Індії та Персії всі займалися філософським дослідженням психології. У Давньому Єгипті папірус Еверса згадував про депресію та розлади мислення.	1.888152837753296
A central idea of the Upanishads and other Vedic texts that formed the foundations of Hinduism was the distinction between a person's transient mundane self and their eternal, unchanging soul.	Головною ідеєю Упанішад та інших ведичних текстів, що лягли в основу індуїзму, було розрізнення між минущим, земним «я» людини та її вічною, незмінною душею.	Центральна ідея Упанішадів та інших ведкових текстів, які сформували підвалини індуїзму, полягала в тому, що різниця між скороминущим повсякденним ямою людини та її вічною, незмінною душею.	1.5180718898773193	Центральною ідеєю у Upanishaдах та інших ведичних текстах, що складали основу індуізму, було розмежування між мирним мирним собою людини та її вечною, незмінною душею.	9.484444618225098	Центральна ідея Упанішадів та інших Vedic текстів, які сформували основи індуїзму, полягала у розрізненні тимчасового світського я людини та її вічної, незмінної душі.	3.081604242324829
She believed a child should be recognized as their own person with their own right and have each session catered to the child's specific needs.	Вона вірила, що дитина повинна бути визнана власною особистістю з власними правами, і що кожна сесія повинна бути пристосована до конкретних потреб дитини.	Вона вірила, що дитину слід визнавати своєю особою з власним правом і що кожна сесія задовольняла особливі потреби дитини.	0.8648481369018555	Вона вважала, що дитина повинна бути оцінена як її особистість з її власним правом і що кожна сеанс повинна бути налаштована на її специфічні потреби.	6.9919114112854	Вона вірила, що дитину слід визнати власною особою з власним правом, і що кожна сесія задовольнила особливі потреби дитини.	1.8502013683319092
This helped build a strong therapeutic alliance with child patients, which allows psychologists to observe their normal behavior. She continued her research on the impact of children after family separation, children with socio-economically disadvantaged backgrounds, and all stages of child development from infancy to adolescence.	Це допомогло побудувати міцний терапевтичний альянс з дітьми-пацієнтами, що дозволяє психологам спостерігати за їхньою нормальною поведінкою. Вона продовжила дослідження впливу дітей після розлучення сімей, дітей з соціально-економічно неблагополучних сімей, а також усіх етапів розвитку дитини від немовляти до підліткового віку.	Вона продовжувала свої дослідження щодо впливу дітей на розлуку сім'ї, дітей із соціально-економічним походженням, і всіх етапів розвитку дітей з раннього дитинства до підліткового віку.	1.1643333435058594	Це допомогло побудувати міцну терапевтичну асоціацію з дітьми, яка дозволяє психологам спостерігати за їхнім звичайним поведінком. Вона продовжувала досліджувати вплив дітей після розлучення сім 'ї, дітей з соціально-економічним розбіжністю, і всі стадії розвитку дитини від малюка до підліткового віку.	16.332146167755127	Це допомогло побудувати міцний терапевтичний альянс з дитячими пацієнтами, що дозволило психологам спостерігати за їх нормальною поведінкою. Вона продовжувала своє дослідження щодо впливу дітей після сімейного проживання, дітей із соціально-економічним походженням, і всіх етапів розвитку дітей з раннього дитинства до підліткового віку.	6.734667778015137
Mary Ainsworth's work centered around attachment theory. Building off fellow psychologist John Bowlby, Ainsworth spent years doing fieldwork to understand the development of mother-infant relationships.	Робота Мері Ейнсворт була зосереджена на теорії прив'язаності. Спираючись на дослідження свого колеги-психолога Джона Боулбі, Ейнсворт роками проводила польові дослідження, щоб зрозуміти розвиток стосунків між матір'ю та немовлям.	Робота Мері Ейнсворта зосереджена на теорії про прив'язаність. щоб зрозуміти розвиток стосунків між матір'ю і нефантом.	0.9139308929443359	Мері Айнсворт зосередилася на теорії прив 'язаності. Використовуючи колегу психолога Джона Боулбі, Айнсворт роками займався полевою працею, щоб зрозуміти розвиток стосунків між матір' ю та дітьми.	12.33656644821167	Робота Мері Ейнсворт зосереджена навколо теорії прив'язаності. Побудова співписьменника Джона Болбі, Ейнсворт витратила роки на польову роботу, щоб зрозуміти розвиток стосунків між матір'ю і нефритом.	5.058336019515991
Behavioral researchers have developed a treatment known as behavior modification, which is used to help individuals replace undesirable behaviors with desirable ones.	Дослідники поведінки розробили метод лікування, відомий як модифікація поведінки, який використовується для того, щоб допомогти людям замінити небажану поведінку на бажану.	Дослідники в галузі поведінки розробили метод, відомий як зміна поведінки, який допомагає людям замінити небажану поведінку бажаними.	0.7787120342254639	Дослідники поведінки розробили терапію, яку називають модифікацією поведінки, яка допомагає людям замінити небажані поведінки на бажані.	6.865112066268921	Дослідники з питань поведінки розробили метод, відомий під назвою зміна поведінки, який використовується для того, щоб допомогти людям замінити небажану поведінку бажаними.	3.178435802459717
Psychology encompasses many subfields and includes different approaches to the study of mental processes and behavior.	Психологія охоплює багато підгалузей і включає різні підходи до вивчення психічних процесів і поведінки.	Психологія охоплює багато підпільних сфер і включає в себе різні підходи до вивчення розумових процесів та поведінки.	0.7458586692810059	Психологія включає в себе багато підвидів і включає в себе різні підходи до вивчення психічних процесів та поведінки.	4.91958212852478	Психологія охоплює багато полів і включає різні підходи до вивчення розумових процесів та поведінки.	1.9715678691864014
School psychology combines principles from educational psychology and clinical psychology to understand and treat students with learning disabilities; to foster the intellectual growth of gifted students; to facilitate prosocial behaviors in adolescents;	Шкільна психологія поєднує принципи педагогічної та клінічної психології для розуміння та лікування учнів з труднощами у навчанні; сприяння інтелектуальному зростанню обдарованих учнів; сприяння просоціальній поведінці підлітків;	Шкільна психологія поєднує принципи з освітньої психології та клінічної психології, щоб зрозуміти і лікувати студентів з порушеннями здатності навчатися; сприяти інтелектуальному росту обдарованих учнів; сприяти суспільній поведінці у підлітків;	1.4168384075164795	Школа психології об 'єднує принципи з педагогічної психології та клінічної психології, щоб зрозуміти та лікувати студентів з нездатністю до навчання, щоб підтримувати інтелектуальний розвиток талановитих студентів, щоб сприяти просоціальному поведінці підлітків;	10.448050737380981	Шкільна психологія поєднує принципи з освітньої психології та клінічної психології для того, щоб зрозуміти та лікувати студентів з порушеннями здатності навчатися; щоб сприяти інтелектуальному росту обдарованих учнів; сприяти просоціальній поведінці підлітків;	5.230772495269775
The field was at first called economic psychology or business psychology; later, industrial psychology, employment psychology, or psychotechnology.	Спочатку цю галузь називали економічною психологією або бізнес-психологією, пізніше - індустріальною психологією, психологією зайнятості або психотехнологією.	Спочатку ця галузь називалася економічною психологією або бізнес психологією; пізніше - індустріальна психологія, психологія зайнятості, або психотехнологія.	1.0754849910736084	Спочатку ця галузь називалася економікою чи бізнес-психологією, пізніше - промисловою психологією, робототехнікою або психотехнологією.	6.940826177597046	Спочатку ця галузь називалася економічною психологією або бізнес-психологією; пізніше промислова психологія, психологія зайнятості, або психотехнологія.	2.8237345218658447
"Research has shown that compared to the ""whole word"" or ""whole language"" approach, the phonics approach to reading instruction is more efficacious."	Дослідження показали, що порівняно з підходом «цілого слова» або «цілої мови», фонетичний підхід до навчання читання є більш ефективним.	"Дослідження показали, що у порівнянні з підходом ""ціле слово"" або ""цілою мовою,"" підхід до читання є більш ефективним."	1.0062382221221924	"Дослідження показали, що в порівнянні з """" повним словом """" або """" повною мовою """" підхід fonіки до читання є ефективнішим."	8.215519905090332	"Дослідження показали, що у порівнянні з підходом ""ціле слово"" або ""цілою мовою"" підхід до читання більш дієвий."	2.9700000286102295
The American Psychological Association has advanced a set of ethical principles and a code of conduct for the profession.	Американська психологічна асоціація розробила ряд етичних принципів і кодекс поведінки для цієї професії.	Американська психологічна асоціація видала ряд етичних принципів і норм поведінки для цієї професії.	0.5684514045715332	Американська психологічна асоціація запровадила низку етичних принципів та кодекс поведінки для професії.	5.486525058746338	Американська психологічна асоціація просунула низку етичних принципів та кодекс поведінки для цієї професії.	1.8031392097473145
Justice - an understanding that psychology must be for everyone's benefit, and that psychologists take special care to avoid unjust practices as a result of biases or limitations of expertise.	Справедливість - розуміння того, що психологія має бути на користь кожному, і що психологи особливо дбають про те, щоб уникати несправедливих практик внаслідок упередженості чи обмеженості знань.	Правосуддя - розуміння, що психологія повинна бути на користь кожному, і що психологи особливо дбають про те, щоб уникнути несправедливості внаслідок упереджень або обмежень досвіду.	1.0651531219482422	Справедливість - це розуміння того, що психологія повинна бути корисною для всіх, і що психологи мають бути особливо обережні, щоб уникнути несправедливої практики в результаті упереджень чи обмежень знань.	8.750429153442383	Правосуддя - розуміння того, що психологія повинна бути на користь кожному, і що психологи особливо дбають про те, щоб уникнути несправедливості в результаті упереджень або обмежень досвіду.	2.9650566577911377
Animal research is influential in psychology, while still being debated among academics. 	Дослідження на тваринах мають великий вплив на психологію, але все ще залишаються предметом дискусій серед науковців. 	Дослідження тварин має вплив на психологію, тоді як дискутують про них між науковцями.	0.5838065147399902	Дослідження тварин мають вплив на психологію, хоча й досі дискутують між науковцями.	4.278510332107544	Дослідження тварин має вплив на психологію, поки ще ведуть дискусії серед вчених.	1.2700963020324707
In contrast, human environments and genetic backgrounds vary so widely, and depend upon so many factors, that it is difficult to control important variables for human subjects.	На противагу цьому, людське середовище і генетичний фон варіюються настільки широко і залежать від багатьох факторів, що важко контролювати важливі для людини змінні.	На противагу цьому, людське середовище та генетичне походження настільки різняться і залежать від багатьох факторів, що важко контролювати важливі змінні, необхідні для життя людей.	0.8677554130554199	Натомість, людські середовища та генетичний фон дуже сильно відрізняються, і залежать від багатьох факторів, що важко контролювати важливі змінні для людських суб 'єктів.	7.398641586303711	На противагу цьому, людське середовище та генетичне походження настільки різняться і залежать від багатьох факторів, що важко контролювати важливі змінні для питання.	2.622453212738037
A rat undergoing a Morris water navigation test used in behavioral neuroscience to study the role of the hippocampus in spatial learning and memory	Щур проходить тест Морріса на водну навігацію, який використовується в поведінковій нейронауці для вивчення ролі гіпокампу в просторовому навчанні та пам'яті.	Для вивчення ролі гіпокампу в просторовому навчанні і пам'яті щура, який проводить аналіз води Морріса, який використовувався у поведінковій неврології.	1.2055778503417969	Рата, яка проходить тест на водну навігацію Моріса, що використовується в біологічних неврології, щоб вивчати роль гіпокампу у просторовому вчинні та пам 'яті	8.370333194732666	Риса, що проходить тест на навігацію води Морріса, який використовується у поведінковій неврології для вивчення ролі гіпокампу у просторовому навчанні та пам'яті.	4.31827187538147
Since modern computers process information quickly, simulations can be run in a short time, allowing for high statistical power.	Оскільки сучасні комп'ютери обробляють інформацію швидко, симуляції можна запускати за короткий час, забезпечуючи високу статистичну потужність.	Оскільки сучасні комп'ютери швидко обробляють інформацію, симуляції можна виконувати за короткий час, що дає змогу отримати високу статистичну потужність.	0.8349406719207764	Оскільки сучасні комп 'ютери швидко обробляють інформацію, симуляції можуть відтворюватися протягом короткого часу, що дає високу статистику.	7.122270345687866	Оскільки сучасні комп'ютери швидко обробляють інформацію, симуляції можна запустити за короткий час, що дає змогу отримати високу статистичну потужність.	1.9773352146148682
For example, in research on the best way to affect reading achievement in the first three grades of school, school administrators may not permit educational psychologists to randomly assign children to phonics and whole language classrooms, in which case the psychologists must work with preexisting classroom assignments.	Наприклад, під час дослідження найкращого способу вплинути на успішність читання в перших трьох класах школи шкільна адміністрація може не дозволити педагогічним психологам випадковим чином розподіляти дітей по класах з фонетики та вивчення цілих мов, і в цьому випадку психологи повинні працювати з уже існуючими розподілами по класах.	Наприклад, у дослідженні найкращого способу вплинути на досягнення читання в перших трьох класах школи, то шкільні адміністратори не можуть дозволити шкільним психологам випадково призначати дітей на факони й цілі мовні класи, в якому то разі психологи мусять працювати з вже існуючим класним призначенням.	1.6450963020324707	Наприклад, в дослідженні найкращого способу впливу на успішність читання у перших трьох класах школи, адміністратори школи можуть не дозволити шкільним психологам випадково надавати дітей в класи fonіки та цілої мови, в цьому випадку психологи повинні працювати з уже наявними уроками.	13.43517279624939	Наприклад, у дослідженні найкращого способу впливу на досягнення читання у перших трьох класах школи адміністратори шкільних закладів не можуть дозволити освітнім психологам випадково призначати дітей на факони та цілі мовні класи, у цьому випадку психологи повинні працювати з вже наявними класними завданнями.	4.845952033996582
Psychologists study the composite influence of all these different tools in an effort to influence whole populations of people.	Психологи вивчають сукупний вплив усіх цих інструментів, намагаючись впливати на цілі групи людей.	Психологи вивчають складний вплив усіх цих інструментів, щоб впливати на ціле населення.	0.48482751846313477	Психологи вивчають сукупний вплив всіх цих різних інструментів, намагаючись впливати на цілу популяцію людей.	5.362372875213623	Психологи вивчають складний вплив усіх цих інструментів у спробах впливати на ціле населення людей.	2.0859146118164062
Educational psychology is often included in teacher education programs in places such as North America, Australia, and New Zealand.	Педагогічну психологію часто включають до програм підготовки вчителів у таких країнах, як Північна Америка, Австралія та Нова Зеландія.	Освітня психологія часто входить у навчальні навчальні програми у таких країнах, як Північна Америка, Австралія та Нова Зеландія.	0.839210033416748	Штуховна психологія часто включена в програми освіти вчителів в таких місцях, як Північна Америка, Австралія та Нова Зеландія.	6.170075416564941	Освітня психологія часто входить до навчальних навчальних програм у таких місцях, як Північна Америка, Австралія та Нова Зеландія.	2.2700469493865967
The emerging field of disaster psychology (see crisis intervention) involves professionals who respond to large-scale traumatic events.	Нова галузь психології катастроф (див. кризове втручання) залучає професіоналів, які реагують на масштабні травматичні події.	Поява психології стихійного лиха (див. втручання в кризу) стосується фахівців, які реагують на масштабні травматичні події.	0.8076772689819336	Нова галузь психології катастроф (см. кризове втручання) включає в себе фахівців, які реагують на великі травматічні події.	6.319180011749268	Початкове поле психології стихійного лиха (див. втручання в кризу) включає професіоналів, які реагують на масштабні травматичні події.	2.449125289916992
Traditionally the research has involved twin studies and adoption studies, two designs where genetic and environmental influences can be partially un-confounded.	Традиційно дослідження включають дослідження близнюків і дослідження усиновлення - два варіанти, де генетичні та середовищні впливи можуть бути частково непідтвердженими.	Традиційно, дослідження включали два вивчення і всиновлення, дві моделі, в яких генетичний та екологічний вплив може бути частково необґрунтованим.	1.0524156093597412	Традиційно дослідження включає в себе дослідження близнюків та дослідження усиновлення, два дизайни, де впливи на генетику та навколишнє середовище можуть бути частково не конфігуровані.	9.105231046676636	Традиційно це дослідження включало в себе двобічні дослідження та дослідження усиновлення, два проекти, в яких генетичний та екологічний вплив може бути частково незаснованим.	2.8830835819244385
A depressed mother may both carry genes that contribute to depression in her offspring and also create a rearing environment that increases the risk of depression in her child.	Мати, яка страждає на депресію, може бути носієм генів, що сприяють розвитку депресії у її нащадків, а також створювати середовище виховання, яке підвищує ризик депресії у її дитини.	Пригнічена мати може носити гени, які сприяють депресії в її дітей, а також створює середовище для виховання, яке збільшує ризик депресії у дитини.	0.9176015853881836	Депресована мати може мати гени, які спричиняють депресію у своїх нащадків, а також створювати середовище для виховання, що збільшує ризик депресії у її дитини.	9.147964239120483	Пригнічена мати може носити гени, які сприяють депресії у її дітей, а також створює середовище виховання, що збільшує ризик депресії у її дитини.	2.553682327270508
Such tasks often resemble specially designed games and activities that are both enjoyable for the child and scientifically useful.	Такі завдання часто нагадують спеціально розроблені ігри та вправи, які є і приємними для дитини, і корисними з наукової точки зору.	Такі завдання часто нагадують ігри і заняття, які приносять радість дитині і приносять їй користь.	0.56036376953125	Такі завдання часто нагадують спеціально розроблені ігри та заняття, які є водночас приємними для дитини та научно корисними.	6.9158830642700195	Такі завдання часто нагадують особливі ігри та заняття, які приносять задоволення дитині і приносять їй користь.	1.6725707054138184
Researchers have found that eating, for example, depends not only on the organism's fundamental need for homeostasis—an important factor causing the experience of hunger—but also on circadian rhythms, food availability, food palatability, and cost.	Дослідники виявили, що прийом їжі, наприклад, залежить не лише від фундаментальної потреби організму в гомеостазі - важливого чинника, що викликає відчуття голоду, - але й від циркадних ритмів, доступності їжі, її смакових якостей та вартості.	Дослідники виявили, що споживання їжі, наприклад, залежить не лише від основної потреби організму в гомеостазі, що є важливим фактором, який викликає відчуття голоду, але й від темних ритмів, доступності їжі, палеативності їжі та витрат.	1.5887930393218994	Дослідники з 'ясували, що їжа, наприклад, залежить не лише від фундаментальної потреби організму в гомеостазі - важливого фактору, що спричиняє відчуття голоду - але й від circadianних ритмів, доступності їжі, смаку їжі та вартості.	15.275205135345459	Дослідники виявили, що споживання їжі, наприклад, залежить не тільки від основної потреби організму в гомеостазі, що є важливим фактором, який викликає відчуття голоду, але також від ритмів, доступності їжі, палеативності їжі та витрат.	4.275586843490601
Developmental researchers have even devised clever methods to study the mental processes of infants.	Дослідники розвитку навіть розробили хитромудрі методи для вивчення розумових процесів немовлят.	Дослідники з розвитку навіть розробили хитрі методи вивчення розумових процесів немовлят.	0.44304323196411133	Дослідники розвитку навіть розробили розумні методи вивчення психічних процесів немовлят.	4.716391563415527	Дослідники розвитку навіть розробили хитрі методи вивчення розумових процесів немовлят.	1.1045708656311035
Abnormal psychology is focused on research and treatment of a variety of mental disorders and is linked to psychotherapy and clinical psychology.	Аномальна психологія зосереджена на дослідженні та лікуванні різноманітних психічних розладів і пов'язана з психотерапією та клінічною психологією.	Ненормальна психологія зосереджується на дослідженні та лікуванні різних психічних розладів і пов'язана з психотерапією та клінічною психологією.	0.8450531959533691	Ненормальна психологія зосереджена на дослідженні та лікуванні різних психічних розладів, а також пов 'язана з психотерапією та клінічною психологією.	7.919648170471191	Ненормальна психологія зосереджена на дослідженні та лікуванні різних психічних розладів і пов'язана з психотерапією та клінічною психологією.	2.4987006187438965
